model,MSE,MAE,R2
Linear,11796.77048563606,73.12314263348603,0.6829932906690054
Polynomial_deg2,4016.743952496505,27.777245922366596,0.8920607310147702
RandomForest,11196.335225786706,69.20673875000014,0.6991283851105652
